{"cameraMode":{"drawMode":0,"name":"Shaded","section":"Shading Mode"},"sceneLighting":true,"audioPlay":false,"sceneViewState":{"m_AlwaysRefresh":false,"showFog":true,"showSkybox":false,"showFlares":true,"showImageEffects":true,"showParticleSystems":true,"showVisualEffectGraphs":true,"m_FxEnabled":true},"in2DMode":false,"pivot":{"x":3.746978282928467,"y":-0.09385106712579727,"z":-0.9442725777626038},"rotation":{"x":0.05375102162361145,"y":0.9474175572395325,"z":-0.21087613701820374,"w":0.23584526777267457},"size":4.544870853424072,"orthographic":false}