{"cameraMode":{"drawMode":0,"name":"Shaded","section":"Shading Mode"},"sceneLighting":false,"audioPlay":false,"sceneViewState":{"m_AlwaysRefresh":false,"showFog":true,"showSkybox":false,"showFlares":true,"showImageEffects":true,"showParticleSystems":true,"showVisualEffectGraphs":true,"m_FxEnabled":true},"in2DMode":false,"pivot":{"x":13.050679206848145,"y":0.5735218524932861,"z":-6.550000190734863},"rotation":{"x":-0.03913882002234459,"y":-0.9343028664588928,"z":0.10839399695396424,"w":-0.3373475968837738},"size":0.6941536068916321,"orthographic":true}