{"cameraMode":{"drawMode":0,"name":"Shaded","section":"Shading Mode"},"sceneLighting":true,"audioPlay":false,"sceneViewState":{"m_AlwaysRefresh":false,"showFog":true,"showSkybox":true,"showFlares":true,"showImageEffects":true,"showParticleSystems":true,"showVisualEffectGraphs":true,"m_FxEnabled":true},"in2DMode":false,"pivot":{"x":0.11055749654769898,"y":-1.8475277423858643,"z":-6.443131923675537},"rotation":{"x":-0.05275397375226021,"y":-0.9472480416297913,"z":0.22460094094276429,"w":-0.22248493134975434},"size":4.915241718292236,"orthographic":false}