{"cameraMode":{"drawMode":0,"name":"Shaded","section":"Shading Mode"},"sceneLighting":false,"audioPlay":false,"sceneViewState":{"m_AlwaysRefresh":false,"showFog":true,"showSkybox":false,"showFlares":true,"showImageEffects":true,"showParticleSystems":true,"showVisualEffectGraphs":true,"m_FxEnabled":true},"in2DMode":false,"pivot":{"x":12.874785423278809,"y":1.7697012424468995,"z":-6.199662685394287},"rotation":{"x":0.11564326286315918,"y":-0.7600325345993042,"z":0.14091140031814576,"w":0.6238329410552979},"size":1.2124353647232056,"orthographic":false}